[{"model": "admin.logentry", "pk": 1, "fields": {"action_time": "2024-11-04T10:03:15.159Z", "user": 1, "content_type": 12, "object_id": "1", "object_repr": "Новое меню: Сезонные блюда японской кухни", "action_flag": 1, "change_message": "[{\"added\": {}}]"}}, {"model": "admin.logentry", "pk": 2, "fields": {"action_time": "2024-11-10T11:32:30.928Z", "user": 1, "content_type": 8, "object_id": "4", "object_repr": "manager", "action_flag": 1, "change_message": "[{\"added\": {}}, {\"added\": {\"name\": \"\\u0417\\u0430\\u043a\\u0430\\u0437\", \"object\": \"\\u0417\\u0430\\u043a\\u0430\\u0437 \\u2116 3 | \\u041f\\u043e\\u043a\\u0443\\u043f\\u0430\\u0442\\u0435\\u043b\\u044c \\u041e\\u043b\\u044c\\u0433\\u0430 \\u0421\\u0435\\u043c\\u0435\\u043d\\u043e\\u0432\\u0430\"}}, {\"added\": {\"name\": \"\\u0417\\u0430\\u043a\\u0430\\u0437\", \"object\": \"\\u0417\\u0430\\u043a\\u0430\\u0437 \\u2116 4 | \\u041f\\u043e\\u043a\\u0443\\u043f\\u0430\\u0442\\u0435\\u043b\\u044c \\u041e\\u043b\\u044c\\u0433\\u0430 \\u0421\\u0435\\u043c\\u0435\\u043d\\u043e\\u0432\\u0430\"}}, {\"added\": {\"name\": \"\\u0417\\u0430\\u043a\\u0430\\u0437\", \"object\": \"\\u0417\\u0430\\u043a\\u0430\\u0437 \\u2116 5 | \\u041f\\u043e\\u043a\\u0443\\u043f\\u0430\\u0442\\u0435\\u043b\\u044c \\u041e\\u043b\\u044c\\u0433\\u0430 \\u0421\\u0435\\u043c\\u0435\\u043d\\u043e\\u0432\\u0430\"}}]"}}, {"model": "auth.permission", "pk": 1, "fields": {"name": "Can add log entry", "content_type": 1, "codename": "add_logentry"}}, {"model": "auth.permission", "pk": 2, "fields": {"name": "Can change log entry", "content_type": 1, "codename": "change_logentry"}}, {"model": "auth.permission", "pk": 3, "fields": {"name": "Can delete log entry", "content_type": 1, "codename": "delete_logentry"}}, {"model": "auth.permission", "pk": 4, "fields": {"name": "Can view log entry", "content_type": 1, "codename": "view_logentry"}}, {"model": "auth.permission", "pk": 5, "fields": {"name": "Can add permission", "content_type": 2, "codename": "add_permission"}}, {"model": "auth.permission", "pk": 6, "fields": {"name": "Can change permission", "content_type": 2, "codename": "change_permission"}}, {"model": "auth.permission", "pk": 7, "fields": {"name": "Can delete permission", "content_type": 2, "codename": "delete_permission"}}, {"model": "auth.permission", "pk": 8, "fields": {"name": "Can view permission", "content_type": 2, "codename": "view_permission"}}, {"model": "auth.permission", "pk": 9, "fields": {"name": "Can add group", "content_type": 3, "codename": "add_group"}}, {"model": "auth.permission", "pk": 10, "fields": {"name": "Can change group", "content_type": 3, "codename": "change_group"}}, {"model": "auth.permission", "pk": 11, "fields": {"name": "Can delete group", "content_type": 3, "codename": "delete_group"}}, {"model": "auth.permission", "pk": 12, "fields": {"name": "Can view group", "content_type": 3, "codename": "view_group"}}, {"model": "auth.permission", "pk": 13, "fields": {"name": "Can add content type", "content_type": 4, "codename": "add_contenttype"}}, {"model": "auth.permission", "pk": 14, "fields": {"name": "Can change content type", "content_type": 4, "codename": "change_contenttype"}}, {"model": "auth.permission", "pk": 15, "fields": {"name": "Can delete content type", "content_type": 4, "codename": "delete_contenttype"}}, {"model": "auth.permission", "pk": 16, "fields": {"name": "Can view content type", "content_type": 4, "codename": "view_contenttype"}}, {"model": "auth.permission", "pk": 17, "fields": {"name": "Can add session", "content_type": 5, "codename": "add_session"}}, {"model": "auth.permission", "pk": 18, "fields": {"name": "Can change session", "content_type": 5, "codename": "change_session"}}, {"model": "auth.permission", "pk": 19, "fields": {"name": "Can delete session", "content_type": 5, "codename": "delete_session"}}, {"model": "auth.permission", "pk": 20, "fields": {"name": "Can view session", "content_type": 5, "codename": "view_session"}}, {"model": "auth.permission", "pk": 21, "fields": {"name": "Can add Категорию", "content_type": 6, "codename": "add_categories"}}, {"model": "auth.permission", "pk": 22, "fields": {"name": "Can change Категорию", "content_type": 6, "codename": "change_categories"}}, {"model": "auth.permission", "pk": 23, "fields": {"name": "Can delete Категорию", "content_type": 6, "codename": "delete_categories"}}, {"model": "auth.permission", "pk": 24, "fields": {"name": "Can view Категорию", "content_type": 6, "codename": "view_categories"}}, {"model": "auth.permission", "pk": 25, "fields": {"name": "Can add Товар", "content_type": 7, "codename": "add_products"}}, {"model": "auth.permission", "pk": 26, "fields": {"name": "Can change Товар", "content_type": 7, "codename": "change_products"}}, {"model": "auth.permission", "pk": 27, "fields": {"name": "Can delete Товар", "content_type": 7, "codename": "delete_products"}}, {"model": "auth.permission", "pk": 28, "fields": {"name": "Can view Товар", "content_type": 7, "codename": "view_products"}}, {"model": "auth.permission", "pk": 29, "fields": {"name": "Can add Пользователя", "content_type": 8, "codename": "add_user"}}, {"model": "auth.permission", "pk": 30, "fields": {"name": "Can change Пользователя", "content_type": 8, "codename": "change_user"}}, {"model": "auth.permission", "pk": 31, "fields": {"name": "Can delete Пользователя", "content_type": 8, "codename": "delete_user"}}, {"model": "auth.permission", "pk": 32, "fields": {"name": "Can view Пользователя", "content_type": 8, "codename": "view_user"}}, {"model": "auth.permission", "pk": 33, "fields": {"name": "Can add Корзина", "content_type": 9, "codename": "add_cart"}}, {"model": "auth.permission", "pk": 34, "fields": {"name": "Can change Корзина", "content_type": 9, "codename": "change_cart"}}, {"model": "auth.permission", "pk": 35, "fields": {"name": "Can delete Корзина", "content_type": 9, "codename": "delete_cart"}}, {"model": "auth.permission", "pk": 36, "fields": {"name": "Can view Корзина", "content_type": 9, "codename": "view_cart"}}, {"model": "auth.permission", "pk": 37, "fields": {"name": "Can add Заказ", "content_type": 10, "codename": "add_order"}}, {"model": "auth.permission", "pk": 38, "fields": {"name": "Can change Заказ", "content_type": 10, "codename": "change_order"}}, {"model": "auth.permission", "pk": 39, "fields": {"name": "Can delete Заказ", "content_type": 10, "codename": "delete_order"}}, {"model": "auth.permission", "pk": 40, "fields": {"name": "Can view Заказ", "content_type": 10, "codename": "view_order"}}, {"model": "auth.permission", "pk": 41, "fields": {"name": "Can add Проданный товар", "content_type": 11, "codename": "add_orderitem"}}, {"model": "auth.permission", "pk": 42, "fields": {"name": "Can change Проданный товар", "content_type": 11, "codename": "change_orderitem"}}, {"model": "auth.permission", "pk": 43, "fields": {"name": "Can delete Проданный товар", "content_type": 11, "codename": "delete_orderitem"}}, {"model": "auth.permission", "pk": 44, "fields": {"name": "Can view Проданный товар", "content_type": 11, "codename": "view_orderitem"}}, {"model": "auth.permission", "pk": 45, "fields": {"name": "Can add news", "content_type": 12, "codename": "add_news"}}, {"model": "auth.permission", "pk": 46, "fields": {"name": "Can change news", "content_type": 12, "codename": "change_news"}}, {"model": "auth.permission", "pk": 47, "fields": {"name": "Can delete news", "content_type": 12, "codename": "delete_news"}}, {"model": "auth.permission", "pk": 48, "fields": {"name": "Can view news", "content_type": 12, "codename": "view_news"}}, {"model": "contenttypes.contenttype", "pk": 1, "fields": {"app_label": "admin", "model": "logentry"}}, {"model": "contenttypes.contenttype", "pk": 2, "fields": {"app_label": "auth", "model": "permission"}}, {"model": "contenttypes.contenttype", "pk": 3, "fields": {"app_label": "auth", "model": "group"}}, {"model": "contenttypes.contenttype", "pk": 4, "fields": {"app_label": "contenttypes", "model": "contenttype"}}, {"model": "contenttypes.contenttype", "pk": 5, "fields": {"app_label": "sessions", "model": "session"}}, {"model": "contenttypes.contenttype", "pk": 6, "fields": {"app_label": "goods", "model": "categories"}}, {"model": "contenttypes.contenttype", "pk": 7, "fields": {"app_label": "goods", "model": "products"}}, {"model": "contenttypes.contenttype", "pk": 8, "fields": {"app_label": "users", "model": "user"}}, {"model": "contenttypes.contenttype", "pk": 9, "fields": {"app_label": "carts", "model": "cart"}}, {"model": "contenttypes.contenttype", "pk": 10, "fields": {"app_label": "orders", "model": "order"}}, {"model": "contenttypes.contenttype", "pk": 11, "fields": {"app_label": "orders", "model": "orderitem"}}, {"model": "contenttypes.contenttype", "pk": 12, "fields": {"app_label": "main", "model": "news"}}, {"model": "sessions.session", "pk": "o1uu1fblovg3w5sra7y8r8i2kraa263q", "fields": {"session_data": ".eJxVjEsOAiEQBe_C2hBowG5duvcMpPnJqIFkmFkZ766TzEK3r6reS3hel-rXkWc_JXEWWhx-t8DxkdsG0p3brcvY2zJPQW6K3OmQ157y87K7fweVR_3WYA25QqBIExCjNqCNTkfnlIkuk3JRBWsLhoTZgWZEKniiULAYAiveH5otNmE:1tA6Bl:imqg0wpgVdXyyzqBj57EHTAuOjsSnXXRR7nCG27-p4Y", "expire_date": "2024-11-24T11:33:05.151Z"}}, {"model": "main.news", "pk": 1, "fields": {"title": "Новое меню: Сезонные блюда японской кухни", "image": "news_images/news1.jpg", "publication_date": "2024-11-04T10:03:15.156Z", "content": "Мы рады сообщить вам о запуске нашего нового сезонного меню, которое включает в себя уникальные блюда японской кухни, приготовленные с использованием свежих и качественных ингредиентов. В этом месяце мы представляем вам:\r\n\r\nСаке с лососем и авокадо — нежный лосось, завернутый в рис и обернутый листом нори, с добавлением свежего авокадо.\r\nТепаньяки с говядиной — сочные кусочки говядины, обжаренные на горячей сковороде с овощами и специальным соусом.\r\nСуп мисо с морепродуктами — ароматный суп с морепродуктами, тофу и водорослями.\r\nЭти блюда скоро будут доступны для заказа на нашем сайте. Не упустите возможность попробовать что-то новое и вкусное! Заказывайте и наслаждайтесь японской кухней прямо у себя дома!"}}, {"model": "goods.categories", "pk": 2, "fields": {"name": "Все товары", "slug": "all"}}, {"model": "goods.categories", "pk": 3, "fields": {"name": "Суши и роллы", "slug": "sushi-i-rolly"}}, {"model": "goods.categories", "pk": 4, "fields": {"name": "Салаты", "slug": "salaty"}}, {"model": "goods.categories", "pk": 5, "fields": {"name": "Горячие блюда", "slug": "goryachie-blyuda"}}, {"model": "goods.categories", "pk": 6, "fields": {"name": "Десерты", "slug": "deserty"}}, {"model": "goods.categories", "pk": 7, "fields": {"name": "Напитки", "slug": "napitki"}}, {"model": "goods.categories", "pk": 8, "fields": {"name": "Дополнительно", "slug": "dopolnitelno"}}, {"model": "goods.products", "pk": 1, "fields": {"name": "Роллы «Калифорния»", "slug": "rolly-kaliforniya", "description": "Классические роллы с лососем, авокадо и огурцом, завернутые в рис и нори, подаются с кунжутом.", "ingridients": "лосось, огурец, авокадо, рис, нори", "image": "goods_images/california.jpg", "price": "450.00", "discount": "0.00", "category": 3}}, {"model": "goods.products", "pk": 2, "fields": {"name": "Суши с угрём", "slug": "sushi-s-ugryom", "description": "Нежные кусочки свежего угря, маринованного в соевом соусе и сахаре, подаются на рисе, украшенном васаби и маринованным имбирем.", "ingridients": "угорь, рис, нори", "image": "goods_images/sushi_ugor.jpg", "price": "600.00", "discount": "20.00", "category": 3}}, {"model": "goods.products", "pk": 3, "fields": {"name": "Темпура с креветками", "slug": "tempura-s-krevetkami", "description": "Сочные креветки, обжаренные в хрустящем кляре, подаются с соусом для темпуры.", "ingridients": "креветки, лук, морковь, сыр, соус унаги, кляр, сухари панировочные", "image": "goods_images/krevetki_tempura.jpg", "price": "500.00", "discount": "0.00", "category": 5}}, {"model": "goods.products", "pk": 4, "fields": {"name": "Суп мисо с курицей", "slug": "sup-miso-s-kuricej", "description": "Традиционный японский суп на основе мисо-пасты с добавлением курицы, водорослей нори, тофу и зеленого лука.", "ingridients": "куриное филе, мисо паста, водоросли вакаме, сливки, соевый соус, сахар, бульон даси", "image": "goods_images/miso_soup_chicken.jpg", "price": "350.00", "discount": "0.00", "category": 5}}, {"model": "goods.products", "pk": 5, "fields": {"name": "Чизкейк с зелёным чаем", "slug": "chizkejk-s-zelyonym-chaem", "description": "Воздушный чизкейк с нежным вкусом зеленого чая, подается с соусом из зеленого чая", "ingridients": "творожный сыр, сахар, яйца, мука, сливочное масло, зелёный чай", "image": "goods_images/cheesecake_tea.jpg", "price": "300.00", "discount": "0.00", "category": 6}}, {"model": "goods.products", "pk": 6, "fields": {"name": "Роллы «Дракон»", "slug": "rolly-drakon", "description": "Классические роллы с нежным угрем, хрустящим огурцом и кремовым авокадо. Икра тобико придает пикантность и праздничный вид.", "ingridients": "угорь, огурец, авокадо, икра тобико", "image": "goods_images/drakon.jpg", "price": "400.00", "discount": "5.00", "category": 3}}, {"model": "goods.products", "pk": 7, "fields": {"name": "Роллы «Цезарь»", "slug": "rolly-cezar", "description": "Необычное сочетание японских и европейских вкусов: сочная курица, пикантный сыр Пармезан и свежие овощи.", "ingridients": "курица, сыр Пармезан, помидоры черри, листья салата", "image": "goods_images/ceaser.jpg", "price": "350.00", "discount": "0.00", "category": 3}}, {"model": "goods.products", "pk": 8, "fields": {"name": "Нигири с креветкой", "slug": "nigiri-s-krevetkoj", "description": "Нежное и сочное нигири с креветкой на подушке из риса.", "ingridients": "креветка, рис", "image": "goods_images/nigiri_krevetka.jpg", "price": "160.00", "discount": "0.00", "category": 3}}, {"model": "goods.products", "pk": 9, "fields": {"name": "Салат «Эдамаме»", "slug": "salat-edamame", "description": "Простой и полезный салат из вареной сои, дополненный кунжутом и соевым соусом.", "ingridients": "вареная соя, кунжут, соевый соус", "image": "goods_images/edamame.jpg", "price": "200.00", "discount": "0.00", "category": 4}}, {"model": "goods.products", "pk": 10, "fields": {"name": "Салат «Чёрный кунжут»", "slug": "salat-chyornyj-kunzhut", "description": "Легкий и освежающий салат с листьями салата, огурцом, помидором, кунжутом и соусом.", "ingridients": "листья салата, огурец, помидор, кунжут, соус", "image": "goods_images/black_kunzhut.jpg", "price": "220.00", "discount": "10.00", "category": 4}}, {"model": "goods.products", "pk": 11, "fields": {"name": "Якисоба с курицей", "slug": "yakisoba-s-kuricej", "description": "Вкусная лапша со специями, курицей и овощами.", "ingridients": "лапша со специями, курица, овощи", "image": "goods_images/chicken_yakisoba.jpg", "price": "300.00", "discount": "0.00", "category": 5}}, {"model": "goods.products", "pk": 12, "fields": {"name": "Якитори", "slug": "yakitori", "description": "Сочные куриные шашлычки на шпажках, приготовленные в сладком и соевом соусе терияки.", "ingridients": "куриные шашлычки на шпажках, соус терияки", "image": "goods_images/yakitori.jpg", "price": "250.00", "discount": "0.00", "category": 5}}, {"model": "goods.products", "pk": 13, "fields": {"name": "Роллы «Сяке маки»", "slug": "rolly-syake-maki", "description": "Популярные роллы с нежным лососем, освежающим огурцом и кремовым авокадо.", "ingridients": "лосось, огурец, авокадо", "image": "goods_images/syake_maki.jpg", "price": "300.00", "discount": "0.00", "category": 3}}, {"model": "goods.products", "pk": 14, "fields": {"name": "Нигири с лососем", "slug": "nigiri-s-lososem", "description": "Классическое нигири с тонким кусочком свежего лосося на подушке из риса.", "ingridients": "лосось, рис", "image": "goods_images/nigiri_losos.jpg", "price": "150.00", "discount": "0.00", "category": 3}}, {"model": "goods.products", "pk": 15, "fields": {"name": "Нигири с тунцом", "slug": "nigiri-s-tuncom", "description": "Нигири с нежным и ароматным тунцом на подушке из риса.", "ingridients": "тунец, рис", "image": "goods_images/nigiri_tunets.jpg", "price": "170.00", "discount": "0.00", "category": 3}}, {"model": "goods.products", "pk": 16, "fields": {"name": "Салат «Вакаме»", "slug": "salat-vakame", "description": "Свежий и освежающий салат с морскими водорослями, огурцом, кунжутом и соевым соусом.", "ingridients": "морские водоросли, огурец, кунжут, соевый соус", "image": "goods_images/vakame.jpg", "price": "250.00", "discount": "0.00", "category": 4}}, {"model": "goods.products", "pk": 17, "fields": {"name": "Рамен с говядиной", "slug": "ramen-s-govyadinoj", "description": "Традиционный рамен с лапшой, ароматным бульоном, нежной говядиной, яйцом и луком.", "ingridients": "лапша, бульон, говядина, яйцо, лук", "image": "goods_images/ramen_gov.jpg", "price": "350.00", "discount": "0.00", "category": 5}}, {"model": "goods.products", "pk": 18, "fields": {"name": "Терияки с курицей", "slug": "teriyaki-s-kuricej", "description": "Сочная курица, приготовленная в сладком и соевом соусе терияки.", "ingridients": "курица в сладко-соевом соусе терияки", "image": "goods_images/teriyaki.jpg", "price": "280.00", "discount": "0.00", "category": 5}}, {"model": "goods.products", "pk": 19, "fields": {"name": "Карри с курицей", "slug": "karri-s-kuricej", "description": "Ароматное куриное карри с рисом.", "ingridients": "куриное карри с рисом", "image": "goods_images/karri_chicken.jpg", "price": "320.00", "discount": "0.00", "category": 5}}, {"model": "goods.products", "pk": 20, "fields": {"name": "Моти с клубникой", "slug": "moti-s-klubnikoj", "description": "Нежные рисовые лепешки с сочной клубничной начинкой.", "ingridients": "рисовые лепешки с клубничной начинкой", "image": "goods_images/moti_klubnika.jpg", "price": "150.00", "discount": "0.00", "category": 6}}, {"model": "goods.products", "pk": 21, "fields": {"name": "Зелёный чайный пудинг", "slug": "zelyonyj-chajnyj-puding", "description": "Нежный пудинг с освежающим вкусом зеленого чая.", "ingridients": "пудинг с зелёным чаем", "image": "goods_images/puding_zelen.jpg", "price": "180.00", "discount": "10.00", "category": 6}}, {"model": "goods.products", "pk": 22, "fields": {"name": "Вагаси", "slug": "vagasi", "description": "Разнообразные сладости из рисовой муки, отличающиеся вкусом и формой.", "ingridients": "разнообразные сладости из рисовой муки", "image": "goods_images/vagasi.jpg", "price": "250.00", "discount": "10.00", "category": 6}}, {"model": "goods.products", "pk": 23, "fields": {"name": "Зеленый чай \"Матча Лате\"", "slug": "zelenyj-chaj-matcha-late", "description": "Традиционный японский напиток с насыщенным вкусом и ароматом зеленого чая, взбитый с молоком до кремообразной консистенции. Отличный источник антиоксидантов.", "ingridients": "японский порошковый зеленый чай \"матча\", натуральное молоко, сахар по вкусу", "image": "goods_images/matcha_latte.jpg", "price": "180.00", "discount": "0.00", "category": 7}}, {"model": "goods.products", "pk": 24, "fields": {"name": "Японский лимонад \"Рамунэ\"", "slug": "yaponskij-limonad-ramune", "description": "Газированный напиток с освежающим вкусом лимона, произведенный по традиционному японскому рецепту. Необычная бутылка с шариком внутри создает уникальную атмосферу.", "ingridients": "", "image": "goods_images/ramune.jpg", "price": "150.00", "discount": "0.00", "category": 7}}, {"model": "goods.products", "pk": 25, "fields": {"name": "Васаби", "slug": "vasabi", "description": "", "ingridients": "", "image": "goods_images/vasabi.jpg", "price": "40.00", "discount": "0.00", "category": 8}}, {"model": "goods.products", "pk": 26, "fields": {"name": "Имбирь", "slug": "imbir", "description": "", "ingridients": "", "image": "goods_images/imbir.jpg", "price": "40.00", "discount": "0.00", "category": 8}}, {"model": "goods.products", "pk": 27, "fields": {"name": "Соевый соус", "slug": "soevyj-sous", "description": "", "ingridients": "", "image": "goods_images/soev.jpg", "price": "35.00", "discount": "0.00", "category": 8}}, {"model": "users.user", "pk": 1, "fields": {"password": "pbkdf2_sha256$600000$mVqivR1tuN5sgAIJ18BaMR$MOm1ZdnKMdT6o69VWE0kAb7sjJ581r7iyxH4yKzD+Rg=", "last_login": "2024-11-10T11:33:05.150Z", "is_superuser": true, "username": "FilinaVictoria", "first_name": "", "last_name": "", "email": "victoria.work21@mail.ru", "is_staff": true, "is_active": true, "date_joined": "2024-09-29T10:45:02.376Z", "image": "", "phone_number": null, "groups": [], "user_permissions": []}}, {"model": "users.user", "pk": 2, "fields": {"password": "pbkdf2_sha256$600000$OvozCKu8jpjmZ0gInPrBaX$SnhZhwqQ7gYKo5WFyKdZCn0VYy5++lIWvLGK1UFOgvU=", "last_login": "2024-11-04T08:44:20.438Z", "is_superuser": false, "username": "ivanov", "first_name": "Иван", "last_name": "Иванов", "email": "ivanov@example.com", "is_staff": false, "is_active": true, "date_joined": "2024-10-01T13:35:23.583Z", "image": "users_images/aa3be02f28339a93d739070aab89450c_8767929395040354166.webp", "phone_number": "9111234567", "groups": [], "user_permissions": []}}, {"model": "users.user", "pk": 3, "fields": {"password": "pbkdf2_sha256$600000$ylwJPWZ6fgXY9UCYYNwhmT$XGgv9HyDzU9aYuSq2hXrHl8OdICmo+CIbGIYCwrqYkY=", "last_login": "2024-10-01T14:00:32.390Z", "is_superuser": false, "username": "olga_petrova", "first_name": "Ольга", "last_name": "Петрова", "email": "olga_petrova@example.com", "is_staff": false, "is_active": true, "date_joined": "2024-10-01T14:00:31.882Z", "image": "", "phone_number": null, "groups": [], "user_permissions": []}}, {"model": "users.user", "pk": 4, "fields": {"password": "pbkdf2_sha256$600000$tEj1y7DHc11VE0V34hrHe8$M90G3XL5n4UrQGZAE+fCIe4tH2QUDUhRaLG1oZUGdkw=", "last_login": "2024-11-10T11:32:51.313Z", "is_superuser": false, "username": "manager", "first_name": "Ольга", "last_name": "Семенова", "email": "", "is_staff": true, "is_active": true, "date_joined": "2024-11-10T11:32:05Z", "image": "", "phone_number": null, "groups": [], "user_permissions": []}}, {"model": "carts.cart", "pk": 2, "fields": {"user": 1, "product": 2, "quantity": 3, "created_timestamp": "2024-10-15T08:44:59.492Z"}}, {"model": "carts.cart", "pk": 4, "fields": {"user": 1, "product": 16, "quantity": 1, "created_timestamp": "2024-10-30T13:12:54.664Z"}}, {"model": "carts.cart", "pk": 10, "fields": {"user": 2, "product": 3, "quantity": 1, "created_timestamp": "2024-11-04T08:39:48.967Z"}}, {"model": "orders.order", "pk": 1, "fields": {"user": 2, "created_timestamp": "2024-11-01T13:30:04.164Z", "phone_number": "9111234567", "requires_delivery": false, "delivery_address": "", "payment_on_get": true, "is_paid": false, "status": "В обработке"}}, {"model": "orders.order", "pk": 2, "fields": {"user": 2, "created_timestamp": "2024-11-04T08:39:06.727Z", "phone_number": "9111234567", "requires_delivery": true, "delivery_address": "ул. бассейная", "payment_on_get": false, "is_paid": false, "status": "in_process"}}, {"model": "orders.order", "pk": 3, "fields": {"user": 4, "created_timestamp": "2024-11-10T11:32:30.925Z", "phone_number": "", "requires_delivery": false, "delivery_address": null, "payment_on_get": false, "is_paid": false, "status": "in_process"}}, {"model": "orders.order", "pk": 4, "fields": {"user": 4, "created_timestamp": "2024-11-10T11:32:30.926Z", "phone_number": "", "requires_delivery": false, "delivery_address": null, "payment_on_get": false, "is_paid": false, "status": "in_process"}}, {"model": "orders.order", "pk": 5, "fields": {"user": 4, "created_timestamp": "2024-11-10T11:32:30.926Z", "phone_number": "", "requires_delivery": false, "delivery_address": null, "payment_on_get": false, "is_paid": false, "status": "in_process"}}, {"model": "orders.orderitem", "pk": 1, "fields": {"order": 1, "product": 2, "name": "Суши с угрём", "price": "480.00", "quantity": 1, "created_timestamp": "2024-11-01T13:30:04.171Z"}}, {"model": "orders.orderitem", "pk": 2, "fields": {"order": 1, "product": 3, "name": "Темпура с креветками", "price": "500.00", "quantity": 2, "created_timestamp": "2024-11-01T13:30:04.175Z"}}, {"model": "orders.orderitem", "pk": 3, "fields": {"order": 2, "product": 6, "name": "Роллы «Дракон»", "price": "380.00", "quantity": 1, "created_timestamp": "2024-11-04T08:39:06.732Z"}}]